{"cameraMode":{"drawMode":0,"name":"Shaded","section":"Shading Mode"},"sceneLighting":false,"audioPlay":false,"sceneViewState":{"showFog":true,"showMaterialUpdate":false,"showSkybox":true,"showFlares":true,"showImageEffects":true,"showParticleSystems":true},"in2DMode":false,"pivot":{"x":0.22180306911468507,"y":0.5568006038665772,"z":-0.15833315253257752},"rotation":{"x":0.33331191539764407,"y":-0.22462651133537293,"z":0.08210600167512894,"w":0.9119885563850403},"size":9.006285667419434,"orthographic":false}