{"cameraMode":{"drawMode":0,"name":"Shaded","section":"Shading Mode"},"sceneLighting":false,"audioPlay":false,"sceneViewState":{"showFog":true,"showMaterialUpdate":false,"showSkybox":true,"showFlares":true,"showImageEffects":true,"showParticleSystems":true},"in2DMode":false,"pivot":{"x":0.45948806405067446,"y":-6.300519943237305,"z":0.7337465882301331},"rotation":{"x":0.673870861530304,"y":-0.05412847176194191,"z":0.04962683096528053,"w":0.735203742980957},"size":7.541473388671875,"orthographic":false}