{"cameraMode":{"drawMode":0,"name":"Shaded","section":"Shading Mode"},"sceneLighting":false,"audioPlay":false,"sceneViewState":{"showFog":true,"showMaterialUpdate":false,"showSkybox":true,"showFlares":true,"showImageEffects":true,"showParticleSystems":true},"in2DMode":false,"pivot":{"x":4.231294631958008,"y":0.7041029930114746,"z":7.160331726074219},"rotation":{"x":0.1969437152147293,"y":-0.07931580394506455,"z":0.015995969995856286,"w":0.9770800471305847},"size":62.96454620361328,"orthographic":false}