{"cameraMode":{"drawMode":0,"name":"Shaded","section":"Shading Mode"},"sceneLighting":false,"audioPlay":false,"sceneViewState":{"showFog":true,"showMaterialUpdate":false,"showSkybox":true,"showFlares":true,"showImageEffects":true,"showParticleSystems":true},"in2DMode":false,"pivot":{"x":0.2744319438934326,"y":2.129317045211792,"z":1.6468925476074219},"rotation":{"x":-0.24286851286888123,"y":-0.024158218875527383,"z":0.00605088472366333,"w":-0.9697436094284058},"size":30.469608306884767,"orthographic":false}